Hymnal,Number,Name,TranslationNumber_HymnalE
A,A1,Almagtig is ons God,
A,A10,Grote God,E7
A,A100,Laat, Heer, jou vrede deur my vloei,E139
A,A101,Ontwaak en laat ons ylings,E120
A,A102,Ontwaak!,E121
A,A103,Staan op vir Jesus,E152
A,A104,Staan vas teen versoeking,E168
A,A105,Steeds in gedagte,E146
A,A106,Wees waaksaam,
A,A107,Werk, want die nag kom nader (Mason),E167
A,A108,Werk, want die nag kom nader (Hughes),
A,A109,Wyl ons nog in jeug se lente,E165
A,A11,Halleluja! Ons loof U, Heer,
A,A110,Dan is my God altyd daar,
A,A111,Dapper voorwaarts strydend,E219
A,A112,Die almag van sy hand,
A,A113,Die Heer is so goed vir my,
A,A114,Die Heer, my herder, sorg vir my,E216
A,A115,Die kleine kind verlang,E170
A,A116,Eendag sal daar vrede wees,E209
A,A117,Ek bewaar jou,E187
A,A118,Ek is Koning se kind,E189
A,A119,Geen menslike raad,E203
A,A12,Halleluja, skone môre!,E12
A,A120,God is getrou!,E206
A,A121,Gods dade is volmaak en goed,
A,A122,Grote God, liewe Heer,
A,A123,In hierdie tyd,E190
A,A124,In jou tempel,
A,A125,Jesus, Redder, lei my weë,E196
A,A126,Jesus, Sielevriend almagtig,E195
A,A127,Lei my weg deur woeste storme,E208
A,A128,Met U, o Heer, verbonde,E230
A,A129,My God, ek wil getrou volhard,
A,A13,Heilig, heilig, heilig,E14
A,A130,My Jesus is my beste Vriend,E202
A,A131,n Vaste burg is onse God,E172
A,A132,Na die oorwinning,E222
A,A133,O hoe soet die naam van Jesus,E213
A,A134,Ons geloof beheer ons lewe,E207
A,A135,Ons het geduld so nodig,E224
A,A136,Op die lewenspad,
A,A137,Op reis deur vele lande,E218
A,A138,Ster wat ek bewonder,E210
A,A139,Tel jou gawes,E177
A,A14,Hoe groot is U (Hine),E15
A,A140,U lei my na waters,
A,A141,U lei u volk so trou,
A,A142,U woord is so kosbaar,
A,A143,Van lig-omstraalde Sionsberg,E205
A,A144,Vir ewig by die Heer,E178
A,A145,Volg en vertrou,E220
A,A146,Wag en wees tevrede,E223
A,A147,Wat 'n Vriend het ons in Jesus,E226
A,A148,Bly by my, Heer,E232
A,A149,By U, Jesus, vind ek vrede,
A,A15,Hoe groot is U! (Isaacs),
A,A150,Elk' uur, ja elke stond',E245
A,A151,Gee my 'n reine hart,
A,A152,Heer, bewaar my siel,E248
A,A153,Heer, neem dan nou my hande,E262
A,A154,Heiland, soos 'n Herder lei ons,E259
A,A155,Hier knielend voor my Koning,E236
A,A156,Ken my, o Heer,
A,A157,My hart, O Heer, is in u hande,E567
A,A158,Nader, my God, tot U,E252
A,A159,Neem my hand, liewe Heer,E258
A,A16,Hoe lieflik op die Sabbatdag,E16
A,A160,O Heer, geheel gegewe,E238
A,A161,Soos God my lei,E247
A,A162,Soos 'n hert,E234
A,A163,Soos U dit wil, Heer!,E243
A,A164,Wees my Gids, o groot Verlosser,E242
A,A165,Betésda staan ope,E270
A,A166,Daar is 'n roep so kosbaar (Tromp),E303
A,A167,Daar is 'n roep so kosbaar (McGranahan),
A,A168,Daar vloei 'n stroom (Gohle),E267
A,A169,Daar vloei 'n stroom (Vollweiler),
A,A17,Hy is my God,
A,A170,Ek weet van 'n stad,E287
A,A171,God bied nou nog deur die Heiland,E281
A,A172,Hoor Jesus roep,E282
A,A173,Iedereen wat luister,E308
A,A174,Jesus straal in glorie, prag,E272
A,A175,Kom na die bron van die lewe,E275
A,A176,Kom na die fees so groot,E277
A,A177,Kom saam met my,E296
A,A178,O siel, kom na die Heer,
A,A179,O kom nou na Jesus (Main),E295
A,A18,In eerbied, Heer,
A,A180,O kom nou na Jesus (Bailey),
A,A181,Saggies en inniglik (Thompson),E300
A,A182,Saggies en inniglik (Davids),
A,A183,Soet kom die roep,
A,A184,Vars van die troon van glorie,E279
A,A185,Waar vind ek Jesus?,E297
A,A186,Woorde wat lewe bring,E310
A,A187,Aan die kruis, Heer, het U gely,
A,A188,Daar is 'n bron,E336
A,A189,Diepe bepeinsing,E412
A,A19,Jesus, Jy's wonderbaar,
A,A190,Ek hoor sy liefdesroep,E318
A,A191,Ek kom deemoedig tot U, Heer,E340
A,A192,Ek lewe van barmhartigheid,E320
A,A193,Ek weet van niks so lieflik,E319
A,A194,Ek word bevry,
A,A195,Gaan my nie verby, o Heiland,E333
A,A196,Genade groot (Amerikaanse volkswysie),E311
A,A197,Genade groot (Bailey),
A,A198,Genade smag ek, Heer,E321
A,A199,Hy is my Leidsman,
A,A2,Dankie vir 'n vriend soos Jy,
A,A20,My God is mag,
A,A200,In Jesus het ek heil gevonde,E323
A,A201,Jesus, my Redder (Davids),
A,A202,Jesus, wat 'n Vriend vir sondaars,E329
A,A203,n Bron van seën gevonde,E326
A,A204,n Genadestroom,E339
A,A205,O blye dag,
A,A206,O welke vreugde bring verlossing,E331
A,A207,U is vir my so innig goed,
A,A208,Ek jubel luid in louter vreugde,E361
A,A209,Genade bring versoening,E352
A,A21,n Duisend stemme sing,
A,A210,Heerlike, lieflike stonde,E345
A,A211,Kom, deel die Heer,E347
A,A212,O, hoe salig is die siele,E355
A,A213,Ryke Koning vol genade,
A,A214,U bring my verlossing, Heer,E360
A,A215,Verlos is ek, salig in Jesus,E357
A,A216,Welke reine stroom van liefde,E356
A,A217,As vrede, so kosbaar,E400
A,A218,By Hom te wees,E401
A,A219,Die liefde Gods,E396
A,A22,n Lied van lof en prys,
A,A220,Ek ken 'n hart, 'n heilig een,E375
A,A221,Ek wil graag soos Jesus liefhê,
A,A222,God is die liefde,E390
A,A223,God is liefde,
A,A224,Hart met hart in een verbonde,E368
A,A225,Het jy My lief?,
A,A226,Hoe heerlik, hoe salig met Jesus,E371
A,A227,Ja, 'n Vriend het ek gevonde (Onbekend),E373
A,A228,Ja, 'n Vriend het ek gevonde (Isaacs),
A,A229,Kom, almal, sing nou juigend saam,E365
A,A23,n Vuurtjie steek U aan,
A,A230,Meer wil ek U bemin,E384
A,A231,O liefde, goue sonneskyn,E386
A,A232,O Meester van 'n liefdeshart,E387
A,A233,O, hoe kosbaar is die stonde,E385
A,A234,O, kyk tog hoe lieflik,E364
A,A235,Oor die weiveld groen en geil,E379
A,A236,Praat ek mense eng'letale,
A,A237,Salige vrede,E392
A,A238,So innig, innig is Jesusliefde,E388
A,A239,Stil in die gees,
A,A24,O glorieryke dag van lig,E26
A,A240,U bid ek aan, o mag van liefde,E376
A,A241,Bly Christus hier getrou steeds,E430
A,A242,Die Heiland kom,E425
A,A243,Ek het van verre,E413
A,A244,Ek lewe vir die dag,
A,A245,Glorie vir my,E411
A,A246,Hy wat oorwin,E436
A,A247,Ja, eens sal ons verstaan,E422
A,A248,Jerusalem,
A,A249,Kom jul wat Hom bemin,E406
A,A25,O God wat eeue lank behoed,E22
A,A250,Nooit nag daar,E416
A,A251,O Jerusalem, Godstuiste,
A,A252,Omgord die lendene, bereid!,E410
A,A253,Ons is waaksaam op U wagtend,E432
A,A254,Ons sal ons Heer aanskou,E433
A,A255,U bruid wag reeds so lank op U,E424
A,A256,Veilig in Jesus arme,E421
A,A257,Verheug tesaam, getroues,E420
A,A258,Voort, voort, my hart na hemel,E408
A,A259,Voorwaar, Hy sal verskyn,E403
A,A26,O God, Jy is verhewe,E21
A,A260,Daar is 'n glorieland,E457
A,A261,Die huis van die Vader,E455
A,A262,Ek ken 'n ryk waar Jesus woon,E445
A,A263,Heerlike, lieflike Sion,E437
A,A264,In ewigheid,
A,A265,In Gods heerlikheid wil ek woon,E446
A,A266,Kry ek jou by die fonteine?,E450
A,A267,Maar dié vertroosting bly,
A,A268,Na my tuiste, soete stilte,E442
A,A269,O my tuiste is daar by die Heer,E447
A,A27,So lief het ons die plek,E28
A,A270,Waar nooit meer wolke hoog oprys,E439
A,A271,Kom tot ons, o Gees van lewe,E464
A,A272,O God, o Gees van lig en lewe,E376
A,A273,O kom, U Gees van waarheid,E471
A,A274,Tree U my hart nou binne,E472
A,A275,Die jaar loop stil ten einde,E483
A,A276,Die jaar snel nou ten einde,E482
A,A277,Jesus sal ons wagwoord wees,E481
A,A278,Vandag plaas ons opnuut,E484
A,A279,Geklee in skaam'le klere,E487
A,A28,U, sal ons eer,
A,A280,Sing jou Koning psalms,E488
A,A281,Sing hosanna! Dawids Seun,E328
A,A282,Aanskou die Heiland, sien die kruis,E502
A,A283,Alles, Heer, vir U,E489
A,A284,Hoor die stem van ewig liefde,
A,A285,O Hoof deur mens geskonde,E497
A,A286,O Lam van God, geseën,E496
A,A287,Op 'n heuwel daar ver,E500
A,A288,Vir jou het ek gesterf,E493
A,A289,Ek weet dat my Verlosser leef!,E516
A,A29,Waardig aanbidding,E29
A,A290,Halleluja! (Isaacs),
A,A291,Jesus Christus leef,
A,A292,Viktoria, my Jesus leef!,
A,A293,Blye tyding,
A,A294,Daar ver in 'n krippie,E533
A,A295,Die Heiland is gebore,
A,A296,Dit is weer Kersfees,
A,A297,Dit kom so sag teen middernag,E547
A,A298,Eng'le van die glorieryke,
A,A299,Hoor! Die engelskare sing,E544
A,A3,Die Sionslied,
A,A30,Ware vreugde gee die Heer,
A,A300,In Betlehem gebore,E545
A,A301,Kom, alle getroues,E550
A,A302,n Rosie spruit ontluikend,E549
A,A303,O vreugdevolle Kersfeestyd,
A,A304,O, die vrolike Kerfeestyd!,E555
A,A305,Skoonste Heer Jesus,E538
A,A306,Stille nag, heilige nag,E560
A,A307,Stralende lig,E541
A,A308,Vreugde op aard,E548
A,A309,Welke vreugde, welke vrede,E556
A,A31,Wees stil in die skadu van die Heer,E5
A,A310,Liefste Jesus, ons is hier,E565
A,A311,Heer, o neem ons bede aan,E572
A,A312,Mag God jul albei seën,E571
A,A313,O groot geluk,E573
A,A314,Aan U wil ek, Heer, trou belowe,E577
A,A315,Vandag voor die gemeente,E576
A,A32,Bring lof aan die Vader (Doane),E66
A,A33,Bring lof aan die Vader (Julius),E67
A,A34,Dank nou die Heer!,E62
A,A35,Ek is vreugdevol,E51
A,A36,Ek prys U, Heer,E70
A,A37,Groot u getrouheid, Heer,E40
A,A38,Grote God, ons loof U, Heer,E49
A,A39,Heer, hoe kan ek Jou genoeg prys?,
A,A4,Eer aan die Vader,
A,A40,Hoe groot is U almagtig goedheid!,E41
A,A41,Jubel nasies, loof die Koning,
A,A42,Juig, al wat leef,
A,A43,Kom, dank die Heer,
A,A44,Kom, volke wat die aard' bewoon,E33
A,A45,Laat ons vrolik sing gesange,E45
A,A46,Loof nou die Here (Ansbach),E59
A,A47,Loof nou die Here (Stralsund),E58
A,A48,Loof, my siel, die Hemelkoning (Goss),E60
A,A49,Loof, my siel, die Hemelkoning (Rodriques),
A,A5,Ek het Jou lief,E19
A,A50,Majesteit,E47
A,A51,Nou dank ons almal God,E52
A,A52,O, had ek duisend tonge, Here,E54
A,A53,Prys ons Heer met blye lied're,E56
A,A54,Prys tot die Vader,
A,A55,Sal ek God nie wil besing nie?,E61
A,A56,Sing Hom 'n loflied,
A,A57,Vir die aardse skeppingsprag,E36
A,A58,Waarmee, Heer, kan ek U lowe? (Davids),E46
A,A59,Waarmee, Heer, kan ek U lowe? (Bourne),
A,A6,Ek het U lief,
A,A60,Aan die Heilands voete,E74
A,A61,Christus, Heer, wie kan vergeet u lyding,
A,A62,Daar is 'n naam,
A,A63,Die Vaderhuis is ons genot,E108
A,A64,Ek behoort aan U,E84
A,A65,Ek bid nie, Heer, om aardsgewin,E85
A,A66,Ek gee alles oor,
A,A67,Ek sal sing van my Verlosser,E91
A,A68,Ek wil sy naam bely,
A,A69,Ek wil U liefhê (König),E110
A,A7,Ek prys die almag van my God,E18
A,A70,Ek wil U liefhê (Davids),
A,A71,Ek wil vertel,
A,A72,Genade vir my,
A,A73,Heer, u woord bekoor my lewe,
A,A74,Heer, my Heiland en my Herder,E96
A,A75,Heerlik, heerlik bou ons God (Gohle),E280
A,A76,Heerlik, heerlik bou ons God (Davids),
A,A77,Hemelwaarts lei onse baan,E81
A,A78,Hy is wonderlik,
A,A79,Hy lewe in my,E77
A,A8,God is in ons midde (Neander),E9
A,A80,Jesus, my Redder (Cupido),
A,A81,Meer heiligheid gun my,E99
A,A82,My Heiland leef,
A,A83,Neem my lewe, God en Heer,E106
A,A84,O grote God,E100
A,A85,Ons wil dit nou verkondig,E114
A,A86,Salig die wete,E75
A,A87,Siel, ontwaak! Ek wil verkondig,E105
A,A88,Staan nou op, jul Godsgetuies,E113
A,A89,Wat 'n glorieryke vaandel,E111
A,A9,God is in ons midde (Lambert),
A,A90,Aan die werk! Aan die werk!,E162
A,A91,Bewaar sy woord,
A,A92,Bly in die lig,
A,A93,Dit is u werk, my God en Heer,E159
A,A94,Ek sal strewe na die lewe,E153
A,A95,Gee vir die Heer net jou beste,E128
A,A96,Geseënde huis,E142
A,A97,Glansryk skyn ons Gods genade,E123
A,A98,Laat ons eerder fokus op die lig,E135
A,A99,Laat ons harte altyd vrolik,E136
BB,BB1,A child’s prayer,
BB,BB10,Christmas is a time,
BB,BB100,Laat ons skyn vir Jesus,
BB,BB101,Laat tog die kindertjies na my toe kom,
BB,BB102,Liefdesgebed,
BB,BB103,Neem my lewe God en Heer,
BB,BB104,Vrolik klink die liedtjies,
BB,BB105,Weet jy hoeveel wolke sweef daar,
BB,BB106,Bulena’ iNkosi nina,
BB,BB107,Belena’iNkosi nina,
BB,BB108,Dumisani iNkosi,
BB,BB109,Gcobani! Culani iinduniso,
BB,BB11,Christmas is a time to love,
BB,BB110,Imibulelo nemibongo,
BB,BB111,Nal’uthando IweNkosi,
BB,BB112,Ndilangazelela ukubuna Wena,
BB,BB113,Nkosi ulikhaka,
BB,BB114,Siyakubulela ngokusigcina nkosi,
BB,BB115,Siyakuzukisa,
BB,BB116,Sohlala singabakho,
BB,BB117,Ubawo unazo zonk’ izinto,
BB,BB118,Umsindisi uyandithanda,
BB,BB119,Uthixo uluhando,
BB,BB12,Come and sing my joyful song,
BB,BB120,Wen’ undithadayo,
BB,BB13,Come ye children come,
BB,BB14,Day by day,
BB,BB15,Easter joy,
BB,BB16,Evening Prayer,
BB,BB17,Faithful Shepherd, feed me,
BB,BB18,Fear not, O little flock,
BB,BB19,Footsteps of Jesus,
BB,BB2,A Gard’ner tends His garden,
BB,BB20,For the unborn,
BB,BB21,Glorious,
BB,BB22,Glory to God,
BB,BB23,Come everyone and join our song,
BB,BB24,God of mercy, God of grace,
BB,BB25,God will take care of you,
BB,BB26,Good Christians, now rejoice,
BB,BB27,He,
BB,BB28,He walked on earth,
BB,BB29,He's got the whole world in His hands,
BB,BB3,A new commandment,
BB,BB30,Hear my prayer,
BB,BB31,Hello little King,
BB,BB32,How do I thank my Lord?,
BB,BB33,I am Jesus’ little friend,
BB,BB34,I come to the garden,
BB,BB35,I found a friend in Jesus,
BB,BB36,I have a loving Father,
BB,BB37,I have a song I love to sing,
BB,BB38,I sing praises,
BB,BB39,I’ll seek the Lord early,
BB,BB4,A Song for you,
BB,BB40,I’m so happy,
BB,BB41,If I had been in Bethlehem,
BB,BB42,If I planted a Garden,
BB,BB43,In moments like these,
BB,BB44,It came upon a midnight clear,
BB,BB45,Jesus our Lord,
BB,BB46,Jesus fount of love,
BB,BB47,Joy to the World,
BB,BB48,Joybells,
BB,BB48,Joybells,
BB,BB49,Lamb of God I look to You,
BB,BB5,All things bright and beautiful,
BB,BB50,Lord, do come soon,
BB,BB51,Lord make my life a little light,
BB,BB52,May the heav’nly Father bless you,
BB,BB53,My Jesus, I love Thee,
BB,BB54,Never lose the golden rule,
BB,BB55,O beautiful Easter,
BB,BB56,O bless this gift,
BB,BB57,O come, ye little children,
BB,BB58,O holy night,
BB,BB59,Oh, how I love Jesus,
BB,BB6,Am I standing alone,
BB,BB60,Peace, peace, peace,
BB,BB61,Praise Him, Praise Him,
BB,BB62,Praise, my soul, the King of heaven,
BB,BB63,Search, ponder and pray,
BB,BB64,Seeing I am Jesus’ lamb,
BB,BB65,Seek ye first,
BB,BB66,Shall I meet you at the fountain,
BB,BB67,Shining brightly,
BB,BB68,Softly a shepherd is singing,
BB,BB69,Sweetly the bells are ringing,
BB,BB7,As now Your children,
BB,BB70,Thank the Lord for all His goodness,
BB,BB71,The daylight is fading,
BB,BB72,In the garden of my Lord,
BB,BB73,The Lord’s prayer,
BB,BB74,There lives in my heart a song,
BB,BB75,There’s a song in my soul,
BB,BB76,Thou tender, loving, faithful Lord,
BB,BB77,We have a gentle Shepherd,
BB,BB78,When a child is born,
BB,BB79,When I am baptized,
BB,BB8,Away in a Manger,
BB,BB80,You gave me a name,
BB,BB81,As die heiland,
BB,BB82,As ek Jesus skapie is,
BB,BB83,Die heiland is gebore,
BB,BB84,Die Heer is my herder,
BB,BB85,Ek dank u Heer,
BB,BB86,Ek het u life my heer,
BB,BB87,Ek wil sing van my Heer,
BB,BB88,God, my Heer,
BB,BB89,God van liefde,
BB,BB9,Christ, who once among us,
BB,BB90,Het jy ‘n plek vir Jesus,
BB,BB91,Hoor sy roepstem,
BB,BB92,Jesus ons Redder,
BB,BB93,Jubelklanke,
BB,BB94,Kindergebed,
BB,BB95,Kindjie klein, O loof die Heer,
BB,BB96,Kleine druppels water,
BB,BB97,Kom on sing ‘n lied vir Jesus,
BB,BB98,Laat on seer bring tot die skepper,
BB,BB99,Laat ons harte altyd vrolik,
E,E1,Adoration,
E,E10,God of mercy, God of grace,
E,E100,O thou great God,
E,E101,O Jesus, I have promised,
E,E102,Oh, how I love Jesus,
E,E103,One heart and soul,
E,E104,Praise, I will praise You, Lord,
E,E105,Soul, arise! I must be telling,
E,E106,Take my life and let it be,
E,E107,Take my life and let it be,
E,E108,The Father's house is our delight,
E,E109,The Lord is King,
E,E11,God the All powerful,
E,E110,Thee will I love,
E,E111,There's a glorious banner,
E,E112,This be ever my confession,
E,E113,Up, arise, O godly witness,
E,E114,We cannot but be speaking,
E,E115,We praise Thee, Lord, Thou Lion,
E,E116,Windows open to Jerusalem,
E,E117,Word of Life, Thou purest fountain,
E,E118,Your wisdom, Lord, awake in me,
E,E119,Your word, O lord. Is gentle dew,
E,E12,Hallelujah! Fairest morning,
E,E120,Arise and let us hasten,
E,E121,Awake,
E,E122,Brighten every corner,
E,E123,Brightly beams our Fathers Mercy,
E,E124,Bringing in the sheaves,
E,E125,Forth in Thy name, O Lord,
E,E126,Give me courage, Lord,
E,E127,Give me joy in my heart,
E,E128,Give of your best to the Master,
E,E129,God of grace and God of glory,
E,E13,He is exalted,
E,E130,God wants in His vineyard,
E,E131,Have you heard the Master calling?,
E,E132,Hear the watchmen in Zion,
E,E133,Here I am, Lord,
E,E134,I send you forth,
E,E135,Let us turn our faces to the Light,
E,E136,Let your hearts be ever joyful,
E,E137,Lift high the cross,
E,E138,Little drops of water,
E,E139,Make me a channel of Your peace,
E,E14,Holy, holy, holy,
E,E140,Make me a servant,
E,E141,Must I go empty-handed?,
E,E142,O blessed house,
E,E143,O Master, let me walk with Thee,
E,E144,Of service be to Jesus,
E,E145,One thing's needful!,
E,E146,Only remembered,
E,E147,Pass it on,
E,E148,Rise, my soul, gird thee with power,
E,E149,Seek ye first,
E,E15,How great Thou art,
E,E150,So much to learn remains,
E,E151,So send I you,
E,E152,Stand up for Jesus,
E,E153,Striving onward, pressing forward,
E,E154,Take time to be holy,
E,E155,Take time to be holy,
E,E156,The Servant King,
E,E157,The servant song,
E,E158,The time of grace redeem today,
E,E159,The work is Thine,
E,E16,How lovely on the Sabbath day,
E,E160,There are lonely hearts to gladden,
E,E161,Thy hand, O God, has guided,
E,E162,To the work! To the work!,
E,E163,To your first love be returning,
E,E164,What shall the harvest be?,
E,E165,While the sun for us shines brightly,
E,E166,Who is on the Lords side?,
E,E167,Work, for the night is coming,
E,E168,Yield not to temptation,
E,E169,You servants to the Lord,
E,E17,How shall I sing that majesty?,
E,E170,A little child feels longing for its mother,
E,E171,A little ship sailed over the sea,
E,E172,A mighty fortress is our God,
E,E173,And Jesus said,
E,E174,Be still, my soul,
E,E175,Come, come, ye saints,
E,E176,Commit your way, confiding,
E,E177,Count your blessings,
E,E178,Forever with the Lord,
E,E179,God is our strength and refuge,
E,E18,I sing the mighty power of God,
E,E180,God moves in mysterious way,
E,E181,God of our fathers,
E,E182,God will take care of you,
E,E183,Hiding in Thee,
E,E184,Hold the fort,
E,E185,How firm a foundation,
E,E186,I know whom I believed,
E,E187,I will guide thee,
E,E188,If God Himself is for me,
E,E189,I'm the child of a King,
E,E19,I worship You, almighty God,
E,E190,In times like these,
E,E191,It is no secret,
E,E192,I've found a joy in sorrow,
E,E193,Jesus never fails,
E,E194,Jesus, Lover of my soul,
E,E195,Jesus, Lover of my soul,
E,E196,Jesus, Saviour, pilot me,
E,E197,Lead on, O King eternal,
E,E198,Light after darkness,
E,E199,Lord, Thou camest in compassion,
E,E2,All creatures of our God and King,
E,E20,Joyful, joyful we adore Thee,
E,E200,Make no plans without the Lord,
E,E201,Master the tempest raging,
E,E202,My Jesus is my dearest Friend,
E,E203,Not human advice,
E,E204,On eagles wings,
E,E205,Of Zion's mount of radiant light,
E,E206,Our God is true,
E,E207,Safely faith through life will guide us,
E,E208,Should my pathway lead,
E,E209,Someday there will be peace,
E,E21,O God beyond all praising,
E,E210,Star, to which I'm looking,
E,E211,Strong is my Lord Jesus' hand,
E,E212,Take Jesus in your ship of life,
E,E213,Take the name of Jesus with you,
E,E214,The king of love my Shepherd is,
E,E215,The Lord knows all His people,
E,E216,The Lord's my Shepherd,
E,E217,The Lord's my Shepherd,
E,E218,Through every land they journey,
E,E219,Toiling bravely onward,
E,E22,O God, our help in ages past,
E,E220,Trust and obey,
E,E221,Trusting each and every day,
E,E222,Victory through grace,
E,E223,Wait, my soul, and tarry,
E,E224,We are in need of patience,
E,E225,We would our Saviour see,
E,E226,What a Friend we have in Jesus,
E,E227,When Jesus lives in me,
E,E228,When the storms of life are raging,
E,E229,With golden staff in hand,
E,E23,O sanctified Sunday,
E,E230,With you, O Lord, united,
E,E231,Zion's sheltered by Gods mountains,
E,E232,Abide with me,
E,E233,Abide with us, Lord Jesus,
E,E234,As the deer,
E,E235,Be Thou my vision,
E,E236,Before my hearts King bowing,
E,E237,Blessed Jesus, at Thy word,
E,E238,Dear Lord, I give completely,
E,E239,Gentle Shepherd, Come and lead us,
E,E24,Open our eyes,
E,E240,Give me a perfect heart,
E,E241,God, all powerful, help the humble,
E,E242,Guide me, O Thou great Redeemer,
E,E243,Have Thine Own way, Lord,
E,E244,Here is my heart,
E,E245,I need Thee every hour,
E,E246,I want to love you Thee more sincerely,
E,E247,Just as God leads me,
E,E248,Lord, preserve my soul,
E,E249,Lord, teach us how to pray aright,
E,E25,Surely the presence,
E,E250,Master, speak, Thy servant heareth,
E,E251,My Father, as You will,
E,E252,Nearer, my God, to Thee,
E,E253,Nearer, my God, to Thee,
E,E254,No longer my own,
E,E255,O for my heart to praise my God,
E,E256,O Love, that will not let Thee go,
E,E257,Prayer is the souls sincere desire,
E,E258,Precious Lord, take my Hand,
E,E259,Saviour, like a shepherd lead us,
E,E26,This is the glorious day,
E,E260,See, I spread my arms in yearning,
E,E261,Sweet hour of prayer,
E,E262,Take Thou my hand and lead me,
E,E263,Teach me the measure of my days,
E,E264,To pray to God in heaven,
E,E265,Whatever my God ordains is right,
E,E266,Your way, not mine, O Lord,
E,E267,A sparkling stream,
E,E268,Arise, your light is come,
E,E269,Behold Me standing at your door,
E,E27,We gather together,
E,E270,Bethesda is open,
E,E271,Break Thou the bread of life,
E,E272,Christ, whose glory fills the skies,
E,E273,Come in, O Lord, come in!,
E,E274,Come near, you are invited,
E,E275,Come to the life giving fountain,
E,E276,Come to the Saviour,
E,E277,Come, for the feast is spread,
E,E278,For you I am praying,
E,E279,Fresh from the throne of glory,
E,E28,We love the place, O God,
E,E280,Glorious, glorious is the Work of God,
E,E281,God is offering through the Saviour,
E,E282,Hark! Jesus calls,
E,E283,Hark! the gospel bells are ringing,
E,E284,Hark! Who's knocking,
E,E285,Have you any room for Jesus?,
E,E286,Hearken! The narrow way,
E,E287,I know of a city,
E,E288,I know of a fountain,
E,E289,I know of a river,
E,E29,Worthy of worship,
E,E290,Jesus is calling,
E,E291,Let in your Saviour,
E,E292,Let the children to me gather,
E,E293,Let there be light,
E,E294,Love divine, all loves excelling,
E,E295,O come now to Jesus,
E,E296,O come with me,
E,E297,O where is Jesus?,
E,E298,Of compassion and salvation,
E,E299,Open now the gates of beauty,
E,E3,All things bright and beautiful,
E,E30,All hail the power of Jesus' name,
E,E300,Softly and tenderly,
E,E301,See, who's standing at your door,
E,E302,Shine, Jesus, shine,
E,E303,There is a calling most precious,
E,E304,There is still room,
E,E305,Theres a place,
E,E306,Thou didst leave Thy throne,
E,E307,Welcome to the Fount of mercy,
E,E308,Whosoever heareth,
E,E309,Why wait ye still outside the portals?,
E,E31,All hail the power of Jesus' name,
E,E310,Wonderful words of life,
E,E311,Amazing grace,
E,E312,Come, Thou fount of every blessing,
E,E313,Endless compassion,
E,E314,Forgive our sins as we forgive,
E,E315,Fountain o purity,
E,E316,Here is Jesus, here is mercy,
E,E317,How often do I wonder,
E,E318,I hear Thy welcome voice,
E,E319,I know of something precious,
E,E32,All lands to God,
E,E320,I live by grace and kindness,
E,E321,I stood at mercys gate,
E,E322,I want a principle within,
E,E323,In Jesus I have found salvation,
E,E324,In Your grace,
E,E325,I've found a place I love so well,
E,E326,I've found the spring of blessing,
E,E327,Jesus paid it all,
E,E328,Jesus sinners does receive,
E,E329,Jesus, what a Friend for sinners,
E,E33,All people that on earth do dwell,
E,E330,Just as I am,
E,E331,O boundless joy, there is salvation!,
E,E332,O happy day,
E,E333,Pass me not, O gentle Saviour,
E,E334,Search me, O God,
E,E335,The great Physician,
E,E336,There is a fountain,
E,E337,Theres a wideness in Gods mercy,
E,E338,This is a day of new beginnings,
E,E339,What a sea of grace,
E,E34,Come, Christians, join to sing,
E,E340,With contrite heart I come to Thee,
E,E341,Grant us, Lord, due preparation,
E,E342,Host and King of grace,
E,E343,Let us break bread together,
E,E344,A river keeps the pastures green,
E,E345,Beautiful, glorious moment,
E,E346,Blessed is the peace to my heart,
E,E347,Come, share the Lord,
E,E348,From Jesus love, the fountain pure,
E,E349,How sacred, holy is this place,
E,E35,Come, ye thankful people, come,
E,E350,I found a place of peace and rest,
E,E351,I will remember Thee,
E,E352,I'm reconciled by mercy,
E,E353,I'm resting now at Jesus feet,
E,E354,Neath my Saviours wings abiding,
E,E355,O how blessed are the people,
E,E356,Purest fount of love is flowing,
E,E357,Redeemed, I am blessed in Jesus,
E,E358,Redeemed, I am blessed in Jesus,
E,E359,Sweetest bread of heaven,
E,E36,For the beauty of the earth,
E,E360,What joy tis redeemed to be,
E,E361,With pure delight and bliss overflowing,
E,E362,A miracle of love,
E,E363,A wonderful Saviour is Jesus,
E,E364,Behold, O how pleasant,
E,E365,Come, everyone, and join our song,
E,E366,Dear brothers and dear sisters,
E,E367,Hark, my soul,
E,E368,Heart with heart in love united,
E,E369,Help us to help each other,
E,E37,For the fruits of all creation,
E,E370,His love,
E,E371,How blessed and glorious with Jesus,
E,E372,I fare so well with You,
E,E373,I have found a Friend in Jesus,
E,E374,I heard the voice of Jesus say,
E,E375,I know a heart I call my own,
E,E376,I praise Gods love in adoration,
E,E377,I Christ there is no east or west,
E,E378,In the garden,
E,E379,Into pastures green and fair,
E,E38,Give thanks,
E,E380,Jesus loves me,
E,E381,Jesus, Lord, we look to Thee,
E,E382,Jesus, my truest Friend,
E,E383,Jesus, the very thought of Thee,
E,E384,Lord, more would I love Thee,
E,E385,O how precious are the moments,
E,E386,O love, the golden sunshine bright,
E,E387,O Master of the loving heart,
E,E388,O the deep, deep love of Jesus,
E,E389,On the mount of bliss ascending,
E,E39,Give to our God immortal praise,
E,E390,Our God is loving,
E,E391,Peace that God has given,
E,E392,Peace, O how precious,
E,E393,Seeing I am Jesus' Lamb,
E,E394,Tell me the stories of Jesus,
E,E395,The gift of love,
E,E396,The love of God,
E,E397,Think about His love,
E,E398,To our loving God sing praises,
E,E399,We have a gentle Shepherd,
E,E4,As water to the thirsty,
E,E40,Great is Thy faithfulness,
E,E400,When peace with the Father,
E,E401,When I'm with Him,
E,E402,Where charity and love prevail,
E,E403,Again He'll come,
E,E404,Ascend to Zion's highest,
E,E405,Beyond the sunset,
E,E406,Come ye that love the Lord,
E,E407,Deep river,
E,E408,Forth, forth, my heart, to heaven,
E,E409,Gathering homeward, you pilgrims,
E,E41,How great is God's almighty kindness,
E,E410,Gird on your armour,
E,E411,Glory for me,
E,E412,How will it be?,
E,E413,I see in spirit,
E,E414,My Lord! What a morning,
E,E415,My Saviour first of all,
E,E416,No night there,
E,E417,O Son of God, we wait for Thee,
E,E418,Oh, what a change!,
E,E419,Our King doth come,
E,E42,I sing praises,
E,E420,Rejoice, all ye believers,
E,E421,Safe in the arms of Jesus,
E,E422,Sometime we'll understand,
E,E423,Steal away,
E,E424,The bride has waited, O so long,
E,E425,The Bridegroom comes,
E,E426,The Bridegroom soon will call us,
E,E427,The King shall come,
E,E428,The Lord appears when all is still,
E,E429,There is a land,
E,E43,Immortal, invisible, God only wise,,
E,E430,To Christ, the Lord, be faithful,
E,E431,Wake, arise, for night is flying,
E,E432,We are waiting, blessed Saviour,
E,E433,We shall see Him as He is,
E,E434,When He cometh,
E,E435,When strikes the hour?,
E,E436,Who overcometh,
E,E437,Beautiful,glorious Zion,
E,E438,Beyond the sunset,
E,E439,Beyond, where clouds no more appear,
E,E44,Let all things now living,
E,E440,Depart, dear child,
E,E441,For all the saints,
E,E442,For my homestead,
E,E443,Homeland mine,
E,E444,I have a home beyond the river,
E,E445,I know a realm where Jesus dwells,
E,E446,In God's kingdom I long to be,
E,E447,O the home of my soul is on high,
E,E448,Our home,
E,E449,Shall we meet once more in glory,
E,E45,Let us sing with joyful voices,
E,E450,Shall I meet you at the fountain,
E,E451,Somewhere beyond the sunset,
E,E452,Swing low, sweet chariot,
E,E453,Ten thousand times ten thousand,
E,E454,Ten thousand times ten thousand,
E,E455,The home of the Father,
E,E456,The Lord of harvest beckons,
E,E457,There is a glorious land,
E,E458,Golden harps are sounding,
E,E459,On Your ascension, Lord, alone,
E,E46,Lord, How can I ever praise You?,
E,E460,Breathe on me, breath of God,
E,E461,Breathe upon us, Holy Spirit,
E,E462,Come down, O love divine,
E,E463,Come, gracious Spirit, heavenly Dove,
E,E464,Come, O come, Thou quickning Spirit,
E,E465,Holy Ghost of truth and power,
E,E466,Holy Spirit,
E,E467,Holy Spirit, come confirm us,
E,E468,Holy Spirit, faithful guide,
E,E469,Holy Spirit, heal my soul,
E,E47,Majesty,
E,E470,Holy Spirit, Truth divine,
E,E471,O come, eternal Spirit,
E,E472,O enter, Lord, Thy temple,
E,E473,O Holy Spirit, enter in,
E,E474,O Thou Joyful Whitsuntide,
E,E475,Pentecostal power,
E,E476,Sing praises on this festive day,
E,E477,The comforter has come,
E,E478,Another year is dawning,
E,E479,Bless us, Lord, this final day,
E,E48,May Jesus Christ be praised,
E,E480,Earthly pleasures are but fleeting,
E,E481,Jesus, shall our watchword be,
E,E482,Now this year, too, has ended,
E,E483,The year so still is ending,
E,E484,Today we come anew,
E,E485,Glad hosanna! David's Son,
E,E486,Hosanna, loud hosanna,
E,E487,In humble guise His nearing,
E,E488,With glad psalms,
E,E489,All, Lord, for Thee,
E,E49,Mighty God, we praise Thy name,
E,E490,Blest Man of Calvary,
E,E491,He gave His life,
E,E492,He never said a mumbaling word,
E,E493,I gave My Life for thee,
E,E494,Lead me to Calvary,
E,E495,My faith looks up to Thee,
E,E496,O Lamb of God divine,
E,E497,O sacred Head, now wounded,
E,E498,Rock of Ages, cleft for me,
E,E499,There is a green hill far away,
E,E5,Be still, for the presence of the Lord,
E,E50,Mighty the showers of blessing,
E,E500,The old rugged cross,
E,E501,Were you there,
E,E502,When I survey the wondrous cross,
E,E503,When I survey the wondrous cross,
E,E504,You gave Your precious life,
E,E505,Alleluia! Sing to Jesus,
E,E506,Alleluia, alleluia! Hearts to heaven,
E,E507,Blessing and honour,
E,E508,Christ the Lord is risen today,
E,E509,Christ triumphant, ever reigning,
E,E51,My heart overflows,
E,E510,Crown Him with many crowns,
E,E511,Hallelujah! Resurrected,
E,E512,I know that my Redeemer lives,
E,E513,Jesus Christ is risen today,
E,E514,Joy bells ringing,
E,E515,O beautiful Easter,
E,E516,Rejoice, He has risen,
E,E517,Rejoice, the Lord is King,
E,E518,See, what a morning,
E,E519,Sing all you Christians,
E,E52,Now thank we all our God,
E,E520,The day of resurrection,
E,E521,We welcome glad Easter,
E,E522,Awake, sons of the kingdom,
E,E523,Come, Thou long expected Jesus,
E,E524,Comfort now My people,
E,E525,Hail to the Lord's annointed,
E,E526,Lift up your heads, O mighty gates,
E,E527,Lift up your heads, you mighty gates,
E,E528,O how shall I receive You?,
E,E529,Zion's daughter, O be glad,
E,E53,O for a thousand tongues to sing,
E,E530,All my heart rejoices,
E,E531,Angels from the realms of glory,
E,E532,As with gladness men of old,
E,E533,Away in a manger,
E,E534,Away in a manger,
E,E535,Bright and glorious is the sky,
E,E536,Christians, awake,
E,E537,Come, gather, ye children,
E,E538,Fairest Lord Jesus,
E,E539,From heaven above to earth I come,
E,E54,O that I had a thousand voices,
E,E540,Gentle Mary laid her Child,
E,E541,Glorious light,
E,E542,Go, tell it on the mountain,
E,E543,Good Christian friends, rejoice,
E,E544,Hark! The herald angels sing,
E,E545,In bethlehem the lowly,
E,E546,It came upon a midnight clear,
E,E547,It came upon a midnight clear,
E,E548,Joy to the world,
E,E549,Lo, how a Rose ever blooming,
E,E55,O worship the King,
E,E550,O come, all ye faithful,
E,E551,O holy night,
E,E552,O little town of Bethlehem,
E,E553,O little town of Bethlehem,
E,E554,O morning Star, how fair and bright,
E,E555,O thou joyful Christmastide,
E,E556,O what peace and what rejoicing,
E,E557,On Christmas night the Christians sing,
E,E558,Once in royal David's city,
E,E559,Rejoice,O ye mortals,
E,E56,Praise our God with joyful singing,
E,E560,Silent night, holy night!,
E,E561,The first Nowell,
E,E562,While shepherds watched their flocks by night,
E,E563,Bless this child,
E,E564,Come as a child,
E,E565,Dearest Jesus, we are here,
E,E566,Gentle Shepherd, who His own,
E,E567,Jesus, we pray now,
E,E568,Lord, we bring You our children,
E,E569,By vows of love together bound,
E,E57,Praise the Lord who reigns above,
E,E570,Give Your grace upon their way,
E,E571,God grant you now His loving blessing,
E,E572,Lord, with fervence do we pray,
E,E573,O happiness,
E,E574,O perfect love,
E,E575,Wedding bells are ringing,
E,E576,Before the congregation,
E,E577,I vow this day, Lord, to be loyal,
E,E578,Seek early in life's morning,
E,E579,Christ is made the sure foundation,
E,E58,Praise thou the Lord,
E,E580,Christ is our Cornerstone,
E,E581,We dedicate, now Lord, to Thee,
E,E582,Now, with joy, our song we're singing,
E,E583,What a glorious day of mercy,
E,E584,Within these hearts,
E,E585,Blest be the tie that binds,
E,E586,God be with you,
E,E587,God be with you,
E,E588,Hands lets be joining,
E,E59,Praise thou the Lord, O my soul,
E,E6,Come, Thou almighty King,
E,E60,Praise, my soul, the King of heaven,
E,E61,Should I not to God be singing?,
E,E62,Thank ye the Lord,
E,E63,Thanks be to God,
E,E64,The day thou gavest,
E,E65,Thus far the Lord God has me brought,
E,E66,To God be the glory,
E,E67,To God be the glory,
E,E68,We bring thanks to Jesus,
E,E69,We plough the fields, and scatter,
E,E7,Father God,
E,E70,We praise Thee, Lord,
E,E71,Ah, but one wish,
E,E72,Am I ready,
E,E73,Ask ye what great things I know,
E,E74,At the feet of Jesus,
E,E75,Blessed assurance, Jesus is mine,
E,E76,Bridegroom, You are mine,
E,E77,Christ living in me,
E,E78,Come, follow Me,
E,E79,Dare to be a Daniel,
E,E8,Glorify Thy name,
E,E80,Glorious things of Thee are spoken,
E,E81,Heavenward still our path ascends,
E,E82,I am Jesus little friend,
E,E83,I am the Way,
E,E84,I am thine, O Lord,
E,E85,I do not ask for earthly store,
E,E86,I love to tell the story,
E,E87,I surrender all,
E,E88,I surrender all,
E,E89,I want to be like Jesus,
E,E9,God is in our presence,
E,E90,I will never cease to love you,
E,E91,I will sing of my Redeemer,
E,E92,In Christ alone,
E,E93,Jesus calls us,
E,E94,Jesus Thou art our salvation,
E,E95,Keep me upon Thy pathway,
E,E96,Lord, my Saviour and my Shepherd,
E,E97,Lord, You are the Light,
E,E98,May the mind of Christ, my Saviour,
E,E99,More holiness give me,
HC,HC1,A glorious land awaits us,
HC,HC10,This holy temple,
HC,HC100,Love, to Thee myself I give,
HC,HC101,Jubilate,
HC,HC102,Hands always praying,
HC,HC103,Lead me gently home, Father,
HC,HC104,Thou art my Father,
HC,HC105,Peaceful and calm is my soul,
HC,HC106,Lord, make me strong,
HC,HC107,Glory, glory to God,
HC,HC108,Ascend my song,
HC,HC109,Wholly Thine am I, my Saviour,
HC,HC11,The Lord has cleansed me,
HC,HC110,Commit Thy way unto the Lord,
HC,HC111,Like bells of heaven ringing,
HC,HC112,O man, take counsel and forgive,
HC,HC113,We stand today before Thee,
HC,HC114,Thou gavest once a promise,
HC,HC115,Eternal Father, true and kind,
HC,HC116,Lord, we are waiting,
HC,HC117,God shall wipe away all tears,
HC,HC118,Father, take me by the hand,
HC,HC119,The Lord has done great things,
HC,HC12,How lovely is Zion,
HC,HC120,Hearken!,
HC,HC121,Make me purer,
HC,HC122,Father, we come to Thee,
HC,HC123,See Bethesda's healing water,
HC,HC124,Our life is like a summer's day,
HC,HC125,Lord Jesus, my solace and rest,
HC,HC126,I will not let Thee go,
HC,HC127,To Jesus my life I have given,
HC,HC128,Today, on your heart's acre,
HC,HC129,God to us is strength and power,
HC,HC13,Blest are they,
HC,HC130,Lord, make me worthy,
HC,HC131,God ever true abides,
HC,HC132,The Lord shall preserve thee,
HC,HC133,How great and mighty,
HC,HC134,Holy is God's house,
HC,HC135,The Lord comes soon!,
HC,HC136,O blessed are they,
HC,HC137,Behold, what manner of love,
HC,HC138,The Lord God reigneth,
HC,HC139,Hosanna, blessed is He,
HC,HC14,Thou holy will of my dear Lord,
HC,HC140,Come to life's pure fountain,
HC,HC141,We are on our pilgrim journey,
HC,HC142,Labour in the work of God,
HC,HC143,Who are these in white array?,
HC,HC144,The day of Thy return,
HC,HC145,The yoke of sin is broken,
HC,HC146,I need Thee ev'ry hour,
HC,HC147,Lead us, heav'nly Father,
HC,HC148,Come, ye disconsolate,
HC,HC149,Hear Thou my prayer,
HC,HC15,My times are in Thy hands,
HC,HC150,How lovely upon the mountains,
HC,HC151,Heavenly peace,
HC,HC152,Thy word is a lamp,
HC,HC153,I wait for the Lord,
HC,HC154,In God is our trust,
HC,HC155,Rest in the Lord,
HC,HC156,I will lift up mine eyes,
HC,HC157,Loving Saviour, let Thy mercy,
HC,HC158,God's own beloved,
HC,HC159,The Lord is my Shepherd,
HC,HC16,My son, give me thine heart,
HC,HC160,I kneel in quiet and wonder,
HC,HC161,Humbly, Lord, I bow before Thee,
HC,HC162,Thanks be to Thee,
HC,HC163,We worship the Lord,
HC,HC164,This is the day,
HC,HC165,The Lord is my light,
HC,HC166,God is love,
HC,HC167,Behold, how good and joyful,
HC,HC168,Thou art the Lamb of God,
HC,HC169,Come to Me,
HC,HC17,Behold, I stand at the door,
HC,HC170,The Lord has helped us,
HC,HC171,Take thy shoes off,
HC,HC172,I'll sing Thy praises,
HC,HC173,God is loving,
HC,HC174,The fruit of their labours,
HC,HC175,How shall I praise,
HC,HC176,Lord, in Thee do I trust,
HC,HC177,I dearly love Thy house,
HC,HC178,Lord, if I have Thy mercy,
HC,HC179,Cast thy burden upon the Lord,
HC,HC18,All glory be to God,
HC,HC180,Thy goodness, Lord, extendeth far,
HC,HC181,We find our joy in Thee,
HC,HC182,Lord Jesus, fill this day with love,
HC,HC183,Jesus, my heart's treasure,
HC,HC184,How joyful shall it be,
HC,HC185,There shines a great light,
HC,HC186,Who dwells in the secret place,
HC,HC187,A mountain is our faith,
HC,HC188,Whereto shall I be going?,
HC,HC189,They that wait upon the Lord,
HC,HC19,Jesus through apostles leads us,
HC,HC190,Jesus, take our hand and lead us,
HC,HC191,Fear of God man's soul ennobles,
HC,HC192,Come, Lord, O Bridegroom, come!,
HC,HC193,To God be wholly dedicated,
HC,HC194,He comes, the Hero strong,
HC,HC195,This time of grace,
HC,HC196,Along this earthly valley,
HC,HC197,Of compassion and salvation,
HC,HC198,Peace amidst our earthly fears,
HC,HC199,O come to God's altar,
HC,HC2,Jesus my Saviour,
HC,HC20,Heav'nly Father, send Thy blessing,
HC,HC200,Children of our God, be working,
HC,HC201,Give me more, Lord, of Thy nature,
HC,HC202,Let your light so shine,
HC,HC203,New heavens and new earth,
HC,HC204,We gather together,
HC,HC205,How glad I am,
HC,HC206,Saviour, lead me lest I stray,
HC,HC207,In Thee, O Lord,
HC,HC208,Soon comes the day,
HC,HC209,When He cometh,
HC,HC21,Blest and holy,
HC,HC210,No vict'ry without any battle,
HC,HC211,May our God grant you His blessing,
HC,HC212,Homeward, in peace, go,
HC,HC213,O fashion me, my Master,
HC,HC214,The Lord bless thee,
HC,HC215,The time grows ever shorter,
HC,HC216,There were ninety-nine,
HC,HC217,Thank ye the Lord,
HC,HC218,While shepherds watched,
HC,HC219,This is the day of God,
HC,HC22,God be with you,
HC,HC220,The heav'ns are praising,
HC,HC221,Lord, Thy grace life brings,
HC,HC222,Youth in Christ, bring thanks,
HC,HC223,Praise, honour, thanks,
HC,HC224,God's call I heard,
HC,HC225,Hallelujah,
HC,HC226,Blessed are they,
HC,HC227,Teach us love, eternal Father,
HC,HC228,As the hart panteth,
HC,HC229,Fashion me, dear Lord and Saviour,
HC,HC23,Follow Christ in truth and spirit,
HC,HC230,What does my soul joy afford?,
HC,HC231,When courage you are needing,
HC,HC232,Here is the patience of the saints,
HC,HC233,Father, our Father,
HC,HC234,Who shall separate us?,
HC,HC235,How fleeting is man's time,
HC,HC236,Our Father, our Adviser,
HC,HC237,How holy is this place,
HC,HC238,Gird on your armour,
HC,HC239,O how shall I receive Thee?,
HC,HC24,My heart and soul are joyful,
HC,HC240,All who seek happiness,
HC,HC241,Reflecting on Thy grace,
HC,HC242,How wonderful the name of Jesus,
HC,HC243,Unto the Father's name,
HC,HC244,I will fill this house with glory,
HC,HC245,Our longing hearts have been prepared,
HC,HC246,Here's my soul,
HC,HC247,O Zion, sweet home of the blest,
HC,HC248,The bridal souls await Thee now,
HC,HC249,The Lord shall come!,
HC,HC25,A fount of love,
HC,HC250,How sweet are Thy words,
HC,HC251,Lord, grant me mercy,
HC,HC252,I bow down at life's purest fountain,
HC,HC253,Thou gavest me, Lord, life,
HC,HC254,Watch and pray,
HC,HC255,I'm guided by Thy counsel,
HC,HC256,Lord God, in pow'r and glory,
HC,HC257,I was glad,
HC,HC258,Redeem the time,
HC,HC259,Lord, I trust in Thy decision,
HC,HC26,Rejoice! Rejoice! Sing praises,
HC,HC260,Lord, whom I deep in my heart carry,
HC,HC261,O anxious worries, now depart,
HC,HC262,In God's own house,
HC,HC263,Lord, should my earthly need be great,
HC,HC264,Be consoled, ye redeemed,
HC,HC265,Lord Jesus, I in Thee live,
HC,HC266,Take Thou my hand and lead me,
HC,HC267,Come, let us unto God,
HC,HC268,Word of life, O gift from heaven,
HC,HC269,Father, hear our pray'rs unceasing,
HC,HC27,Praise, honour, thanks,
HC,HC270,My soul truly waits on the Lord,
HC,HC271,O taste and see,
HC,HC272,Once I read,
HC,HC273,Oft in this life, confusion governs,
HC,HC274,The goal draws nearer,
HC,HC275,When we walk with the Lord,
HC,HC276,Thou leadest to grace,
HC,HC277,O faithful God and Father,
HC,HC278,In Godly love abiding,
HC,HC279,I am the Bread of life,
HC,HC28,They that sow in tears,
HC,HC280,I will magnify Thee,
HC,HC281,My peaceful heart breathes 'Amen',
HC,HC282,My God and Father,
HC,HC283,Our Father,
HC,HC284,Lord, as once Thy servant stood,
HC,HC285,Create in me a clean heart,
HC,HC286,Redemption for my soul,
HC,HC287,Welcome! God's dear children,
HC,HC288,Wait thou only on the Lord,
HC,HC289,Flow on, Oriver of love,
HC,HC29,Glory, praise and honour,
HC,HC290,As long as their, our earth shall stand,
HC,HC291,If any man keeps My saying,
HC,HC292,Where the trees of life e'er blossom,
HC,HC293,Who overcometh,
HC,HC294,Holy Spirit, fount of blessing,
HC,HC295,Thanks and praise,
HC,HC296,The Lord is my Shepherd,
HC,HC297,Great is the Lord!,
HC,HC298,Lord God, Creator,
HC,HC299,Father of love,
HC,HC3,Rejoice, He has risen!,
HC,HC30,Holy is the Lord of hosts,
HC,HC300,Thee, God, praise we bring,
HC,HC301,When peace with the Father,
HC,HC302,My sheep hear My voice,
HC,HC303,Grace be unto you,
HC,HC304,All honour, Lord, to Thee,
HC,HC305,In the service of the Lord,
HC,HC306,Lift up your heads,
HC,HC307,Father, whate'er of earthly bliss,
HC,HC308,Only yet a few more moments,
HC,HC309,O fount of grace, Lord Jesus Christ,
HC,HC31,All thanks and praises,
HC,HC310,God so loved the world,
HC,HC311,Patient, soul, be patient,
HC,HC312,Almighty God, how wondrous,
HC,HC313,What lies deep within my heart,
HC,HC314,O Thou, my hope,
HC,HC315,Blessed words of hope,
HC,HC316,We praise Thee, O Lord,
HC,HC317,Ah, could I now already be clad,
HC,HC318,Upon the sure foundation,
HC,HC319,The quiet bells are ringing,
HC,HC32,Almighty God,
HC,HC320,As pants the hart,
HC,HC321,Be still, my heart,
HC,HC322,Soul, be silent,
HC,HC323,Lord, here in Thy presence,
HC,HC324,Teach us, O Lord, Thy holy will,
HC,HC325,Just as you are,
HC,HC326,Lord, my time is in Thy hands!,
HC,HC327,Lord, to Thee will I be turning,
HC,HC328,Keep courage still,
HC,HC329,Seek now the last soul,
HC,HC33,Our hearts sing with joy,
HC,HC330,Mighty the showers of blessing,
HC,HC331,Trust in the Lord,
HC,HC332,They that trust in the Lord,
HC,HC333,Unknown the morrow,
HC,HC334,O Shepherd, so tenderly leading,
HC,HC335,Make no plans without the Lord,
HC,HC336,There stands yet a rock,
HC,HC337,Almighty word,
HC,HC338,Jesus, Thou my soul's true friend,
HC,HC339,Seek ye first,
HC,HC34,Lord, take whate'er I have,
HC,HC340,Seek ye the Lord,
HC,HC341,In this hour we pledge devotion,
HC,HC342,I have set watchmen,
HC,HC343,I know a jewel,
HC,HC344,The Lord has chosen Zion,
HC,HC345,Lord, Thou art mine,
HC,HC346,O light of love divine,
HC,HC347,Dear Lord and Saviour of mankind,
HC,HC348,For the mountains shall depart,
HC,HC349,Sweetest joy, the gift of heaven,
HC,HC35,Hear us, blessed Saviour,
HC,HC350,Lord Jesus, come,
HC,HC351,Come and redeem us,
HC,HC352,Here on the earth so full of sorrow,
HC,HC353,Onward and upward,
HC,HC354,See the reapers as they labour,
HC,HC355,We're living in the final hour,
HC,HC356,Ever holiness perceiving,
HC,HC357,Continue in My love,
HC,HC358,O love, that will not let me go,
HC,HC359,God is loving,
HC,HC36,All life poureth forth,
HC,HC360,Since from heaven thou art sent,
HC,HC361,Come to the fount of life,
HC,HC362,A streamlet is flowing,
HC,HC363,The Lord bless thee,
HC,HC364,My Father's call,
HC,HC365,Let your conversation,
HC,HC366,Lord, I have loved Thy habitation,
HC,HC367,Thy sacred place,
HC,HC368,O Father Almighty,
HC,HC369,O sing praises,
HC,HC37,Take my heart,
HC,HC370,Lift up your heads,
HC,HC371,Sing to the Lord,
HC,HC372,Thou, Lord, alone,
HC,HC373,Praise ye the Lord, all ye nations,
HC,HC374,I will sing of the mercies,
HC,HC375,Angels from the realms,
HC,HC376,Glory to God,
HC,HC377,O that I had a thousand voices,
HC,HC378,O praise and be joyful,
HC,HC379,O give thanks unto the Lord,
HC,HC38,Today, God's grace,
HC,HC380,Thy goodness, Lord, extendeth far,
HC,HC381,Praise, my soul, the King of heaven,
HC,HC382,Sing unto God,
HC,HC383,We praise Thee, Lord (Deis),
HC,HC384,We praise Thee, Lord (Füssgen),
HC,HC385,Praise ye the Lord,
HC,HC386,How excellent,
HC,HC387,All hail the pow'r of Jesus' name,
HC,HC388,God's faithful children's earnest pleading,
HC,HC389,I know a realm where Jesus dwells,
HC,HC39,At the living altar,
HC,HC390,Bells guiding homeward,
HC,HC391,I'm but a guest and stranger,
HC,HC392,For my homeland, glorious homeland,
HC,HC393,The Lord of harvest beckons,
HC,HC394,There is a land,
HC,HC395,Therefore the redeemed of the Lord,
HC,HC396,No night there,
HC,HC397,Come now, O soul,
HC,HC398,Holy Ghost, O loving Spirit,
HC,HC399,Come, Spirit, come,
HC,HC4,What you receive this glorious day,
HC,HC40,We shall remain united,
HC,HC400,Breathe on me, breathe of God,
HC,HC401,How can I forget my Lord?,
HC,HC402,Saviour, Thy dying love,
HC,HC403,I am the Way,
HC,HC404,This joyful Eastertide,
HC,HC405,Crown Him with many crowns,
HC,HC406,May God bless you,
HC,HC407,We share your joy this special day,
HC,HC408,For He shall give His angels,
HC,HC409,The Lord shall preserve thee,
HC,HC41,This is the day,
HC,HC410,Silent night,
HC,HC411,Beautiful Saviour,
HC,HC412,It came upon the midnight clear,
HC,HC413,A branch so fair has blossomed,
HC,HC414,O Bethlehem, the lowly,
HC,HC415,Shepherds, rejoice!,
HC,HC416,O little town of Bethlehem,
HC,HC417,All my heart this day rejoices,
HC,HC418,Once again a year has ended,
HC,HC419,Another year in faith I've striven,
HC,HC42,The living word,
HC,HC420,Thou crownest the year with Thy goodness,
HC,HC43,Thou hast cleansed me,
HC,HC44,Strengthen us this day,
HC,HC45,Hosanna we sing,
HC,HC46,Home, sweet home,
HC,HC47,We raise a joyful chorus,
HC,HC48,Thanks and praises,
HC,HC49,Praise, glory, honour,
HC,HC5,Lead me, Saviour, to my rest,
HC,HC50,Pour out Thy blessing,
HC,HC51,At the cross, from Christ,
HC,HC52,God is my song,
HC,HC53,Tho' your sins be as scarlet,
HC,HC54,Joyfully singing,
HC,HC55,Lord, I dearly love,
HC,HC56,Glory be unto God,
HC,HC57,Who is He that's waiting,
HC,HC58,Rise now and shine,
HC,HC59,Father of our fathers,
HC,HC6,Keep me upon Thy pathway,
HC,HC60,Lord, what a blessing,
HC,HC61,A mighty tree of life,
HC,HC62,We thank Thee, dear God,
HC,HC63,How lovely is Zion,
HC,HC64,Be thou faithful unto death,
HC,HC65,Comfort My own,
HC,HC66,Honour to God in the highest,
HC,HC67,The Lord is my Shepherd,
HC,HC68,We praise Thee, Master,
HC,HC69,Throughly wash me,
HC,HC7,Blessed are the pure in heart,
HC,HC70,O Lord of hosts,
HC,HC71,Hark! The morning bells,
HC,HC72,Cast thy burden on the Lord,
HC,HC73,Tis Thee who chose me, Father,
HC,HC74,Give me to drink, Lord,
HC,HC75,Holy, holy, holy,
HC,HC76,To be with Thee, O loving Lord,
HC,HC77,Lord, Lord, we thank Thee now,
HC,HC78,Where'er thou goest,
HC,HC79,Jesus, loving Saviour,
HC,HC8,Earthly joy is ever fleeting,
HC,HC80,Precious,
HC,HC81,When the Lord turns again,
HC,HC82,Silent, O be silent,
HC,HC83,I'm but a stranger here,
HC,HC84,Behold, for quickly I shall come,
HC,HC85,Lord, Lord, come soon!,
HC,HC86,Ev'rything that hath breath,
HC,HC87,He, in whose heart peace abideth,
HC,HC88,Come unto Me,
HC,HC89,Delight thyself in the Lord,
HC,HC9,As now we strive towards the goal,
HC,HC90,This glorious Sunday morning,
HC,HC91,From my soul I sing praises,
HC,HC92,Saviour, keep us ever near Thee,
HC,HC93,Awake!,
HC,HC94,Give me thy heart,
HC,HC95,Take my heart,
HC,HC96,And then at last,
HC,HC97,O Saviour, Lord and Master,
HC,HC98,Lord, Thou hast now heard,
HC,HC99,Hallelujah! Jesus leads me!,